Symbol,company_name,domain,LogoURL
MMM,3M,www.3m.com,https://logo.clearbit.com/www.3m.com
AOS,A. O. Smith,www.aosmith.com,https://logo.clearbit.com/www.aosmith.com
ABT,Abbott Laboratories,www.abbott.com,https://logo.clearbit.com/www.abbott.com
ABBV,AbbVie,www.abbvie.com,https://logo.clearbit.com/www.abbvie.com
ACN,Accenture,www.accenture.com,https://logo.clearbit.com/www.accenture.com
ADBE,Adobe Inc.,www.adobe.com,https://logo.clearbit.com/www.adobe.com
AMD,Advanced Micro Devices,www.amd.com,https://logo.clearbit.com/www.amd.com
AES,AES Corporation,www.aes.com,https://logo.clearbit.com/www.aes.com
AFL,Aflac,www.aflac.com,https://logo.clearbit.com/www.aflac.com
A,Agilent Technologies,www.agilent.com,https://logo.clearbit.com/www.agilent.com
APD,Air Products,www.airproducts.com,https://logo.clearbit.com/www.airproducts.com
ABNB,Airbnb,www.airbnb.com,https://logo.clearbit.com/www.airbnb.com
AKAM,Akamai Technologies,www.akamai.com,https://logo.clearbit.com/www.akamai.com
ALB,Albemarle Corporation,www.albemarle.com,https://logo.clearbit.com/www.albemarle.com
ARE,Alexandria Real Estate Equities,www.are.com,https://logo.clearbit.com/www.are.com
ALGN,Align Technology,www.aligntech.com,https://logo.clearbit.com/www.aligntech.com
ALLE,Allegion,www.allegion.com,https://logo.clearbit.com/www.allegion.com
LNT,Alliant Energy,www.alliantenergy.com,https://logo.clearbit.com/www.alliantenergy.com
ALL,Allstate,www.allstate.com,https://logo.clearbit.com/www.allstate.com
GOOGL,Alphabet Inc. (Class A),abc.xyz,https://logo.clearbit.com/abc.xyz
GOOG,Alphabet Inc. (Class C),abc.xyz,https://logo.clearbit.com/abc.xyz
MO,Altria,www.altria.com,https://logo.clearbit.com/www.altria.com
AMZN,Amazon,www.aboutamazon.com,https://logo.clearbit.com/www.aboutamazon.com
AMCR,Amcor,www.amcor.com,https://logo.clearbit.com/www.amcor.com
AEE,Ameren,www.amereninvestors.com,https://logo.clearbit.com/www.amereninvestors.com
AEP,American Electric Power,www.aep.com,https://logo.clearbit.com/www.aep.com
AXP,American Express,www.americanexpress.com,https://logo.clearbit.com/www.americanexpress.com
AIG,American International Group,www.aig.com,https://logo.clearbit.com/www.aig.com
AMT,American Tower,www.americantower.com,https://logo.clearbit.com/www.americantower.com
AWK,American Water Works,www.amwater.com,https://logo.clearbit.com/www.amwater.com
AMP,Ameriprise Financial,www.ameriprise.com,https://logo.clearbit.com/www.ameriprise.com
AME,Ametek,www.ametek.com,https://logo.clearbit.com/www.ametek.com
AMGN,Amgen,www.amgen.com,https://logo.clearbit.com/www.amgen.com
APH,Amphenol,www.amphenol.com,https://logo.clearbit.com/www.amphenol.com
ADI,Analog Devices,www.analog.com,https://logo.clearbit.com/www.analog.com
ANSS,Ansys,www.ansys.com,https://logo.clearbit.com/www.ansys.com
AON,Aon,www.aon.com,https://logo.clearbit.com/www.aon.com
APA,APA Corporation,www.apacorp.com,https://logo.clearbit.com/www.apacorp.com
APO,Apollo Global Management,www.apollo.com,https://logo.clearbit.com/www.apollo.com
AAPL,Apple Inc.,www.apple.com,https://logo.clearbit.com/www.apple.com
AMAT,Applied Materials,www.appliedmaterials.com,https://logo.clearbit.com/www.appliedmaterials.com
APTV,Aptiv,www.aptiv.com,https://logo.clearbit.com/www.aptiv.com
ACGL,Arch Capital Group,www.archgroup.com,https://logo.clearbit.com/www.archgroup.com
ADM,Archer Daniels Midland,www.adm.com,https://logo.clearbit.com/www.adm.com
ANET,Arista Networks,www.arista.com,https://logo.clearbit.com/www.arista.com
AJG,Arthur J. Gallagher & Co.,www.ajg.com,https://logo.clearbit.com/www.ajg.com
AIZ,Assurant,www.assurant.com,https://logo.clearbit.com/www.assurant.com
T,AT&T,www.att.com,https://logo.clearbit.com/www.att.com
ATO,Atmos Energy,www.atmosenergy.com,https://logo.clearbit.com/www.atmosenergy.com
ADSK,Autodesk,www.autodesk.com,https://logo.clearbit.com/www.autodesk.com
ADP,Automatic Data Processing,www.adp.com,https://logo.clearbit.com/www.adp.com
AZO,AutoZone,www.autozone.com,https://logo.clearbit.com/www.autozone.com
AVB,AvalonBay Communities,www.avalonbay.com,https://logo.clearbit.com/www.avalonbay.com
AVY,Avery Dennison,www.averydennison.com,https://logo.clearbit.com/www.averydennison.com
AXON,Axon Enterprise,www.axon.com,https://logo.clearbit.com/www.axon.com
BKR,Baker Hughes,www.bakerhughes.com,https://logo.clearbit.com/www.bakerhughes.com
BALL,Ball Corporation,www.ball.com,https://logo.clearbit.com/www.ball.com
BAC,Bank of America,www.bankofamerica.com,https://logo.clearbit.com/www.bankofamerica.com
BAX,Baxter International,www.baxter.com,https://logo.clearbit.com/www.baxter.com
BDX,Becton Dickinson,www.bd.com,https://logo.clearbit.com/www.bd.com
BRK.B,Berkshire Hathaway,berkshirehathaway.com,https://logo.clearbit.com/berkshirehathaway.com
BBY,Best Buy,corporate.bestbuy.com,https://logo.clearbit.com/corporate.bestbuy.com
TECH,Bio-Techne,www.bio-techne.com,https://logo.clearbit.com/www.bio-techne.com
BIIB,Biogen,www.biogen.com,https://logo.clearbit.com/www.biogen.com
BLK,BlackRock,www.blackrock.com,https://logo.clearbit.com/www.blackrock.com
BX,Blackstone Inc.,www.blackstone.com,https://logo.clearbit.com/www.blackstone.com
BK,BNY Mellon,www.bny.com,https://logo.clearbit.com/www.bny.com
BA,Boeing,www.boeing.com,https://logo.clearbit.com/www.boeing.com
BKNG,Booking Holdings,www.bookingholdings.com,https://logo.clearbit.com/www.bookingholdings.com
BWA,BorgWarner,www.borgwarner.com,https://logo.clearbit.com/www.borgwarner.com
BSX,Boston Scientific,www.bostonscientific.com,https://logo.clearbit.com/www.bostonscientific.com
BMY,Bristol Myers Squibb,www.bms.com,https://logo.clearbit.com/www.bms.com
AVGO,Broadcom,www.broadcom.com,https://logo.clearbit.com/www.broadcom.com
BR,Broadridge Financial Solutions,www.broadridge.com,https://logo.clearbit.com/www.broadridge.com
BRO,Brown & Brown,www.bbinsurance.com,https://logo.clearbit.com/www.bbinsurance.com
BF.B,Brown–Forman,Not Available,Logo Not Available
BLDR,Builders FirstSource,www.bldr.com,https://logo.clearbit.com/www.bldr.com
BG,Bunge Global,www.bunge.com,https://logo.clearbit.com/www.bunge.com
BXP,"BXP, Inc.",www.bxp.com,https://logo.clearbit.com/www.bxp.com
CHRW,C.H. Robinson,www.chrobinson.com,https://logo.clearbit.com/www.chrobinson.com
CDNS,Cadence Design Systems,www.cadence.com,https://logo.clearbit.com/www.cadence.com
CZR,Caesars Entertainment,www.caesars.com,https://logo.clearbit.com/www.caesars.com
CPT,Camden Property Trust,www.camdenliving.com,https://logo.clearbit.com/www.camdenliving.com
CPB,Campbell Soup Company,www.campbellsoupcompany.com,https://logo.clearbit.com/www.campbellsoupcompany.com
COF,Capital One,www.capitalone.com,https://logo.clearbit.com/www.capitalone.com
CAH,Cardinal Health,www.cardinalhealth.com,https://logo.clearbit.com/www.cardinalhealth.com
KMX,CarMax,www.carmax.com,https://logo.clearbit.com/www.carmax.com
CCL,Carnival,www.carnivalcorp.com,https://logo.clearbit.com/www.carnivalcorp.com
CARR,Carrier Global,www.corporate.carrier.com,https://logo.clearbit.com/www.corporate.carrier.com
CAT,Caterpillar Inc.,www.caterpillar.com,https://logo.clearbit.com/www.caterpillar.com
CBOE,Cboe Global Markets,www.cboe.com,https://logo.clearbit.com/www.cboe.com
CBRE,CBRE Group,www.cbre.com,https://logo.clearbit.com/www.cbre.com
CDW,CDW,www.cdw.com,https://logo.clearbit.com/www.cdw.com
CE,Celanese,www.celanese.com,https://logo.clearbit.com/www.celanese.com
COR,Cencora,www.cencora.com,https://logo.clearbit.com/www.cencora.com
CNC,Centene Corporation,www.centene.com,https://logo.clearbit.com/www.centene.com
CNP,CenterPoint Energy,www.centerpointenergy.com,https://logo.clearbit.com/www.centerpointenergy.com
CF,CF Industries,www.cfindustries.com,https://logo.clearbit.com/www.cfindustries.com
CRL,Charles River Laboratories,www.criver.com,https://logo.clearbit.com/www.criver.com
SCHW,Charles Schwab Corporation,www.schwab.com,https://logo.clearbit.com/www.schwab.com
CHTR,Charter Communications,corporate.charter.com,https://logo.clearbit.com/corporate.charter.com
CVX,Chevron Corporation,www.chevron.com,https://logo.clearbit.com/www.chevron.com
CMG,Chipotle Mexican Grill,www.chipotle.com,https://logo.clearbit.com/www.chipotle.com
CB,Chubb Limited,www.chubb.com,https://logo.clearbit.com/www.chubb.com
CHD,Church & Dwight,www.churchdwight.com,https://logo.clearbit.com/www.churchdwight.com
CI,Cigna,www.cigna.com,https://logo.clearbit.com/www.cigna.com
CINF,Cincinnati Financial,www.cinfin.com,https://logo.clearbit.com/www.cinfin.com
CTAS,Cintas,www.cintas.com,https://logo.clearbit.com/www.cintas.com
CSCO,Cisco,www.cisco.com,https://logo.clearbit.com/www.cisco.com
C,Citigroup,www.citigroup.com,https://logo.clearbit.com/www.citigroup.com
CFG,Citizens Financial Group,www.citizensbank.com,https://logo.clearbit.com/www.citizensbank.com
CLX,Clorox,www.thecloroxcompany.com,https://logo.clearbit.com/www.thecloroxcompany.com
CME,CME Group,www.cmegroup.com,https://logo.clearbit.com/www.cmegroup.com
CMS,CMS Energy,www.cmsenergy.com,https://logo.clearbit.com/www.cmsenergy.com
KO,Coca-Cola Company (The),www.coca-colacompany.com,https://logo.clearbit.com/www.coca-colacompany.com
CTSH,Cognizant,www.cognizant.com,https://logo.clearbit.com/www.cognizant.com
CL,Colgate-Palmolive,www.colgatepalmolive.com,https://logo.clearbit.com/www.colgatepalmolive.com
CMCSA,Comcast,corporate.comcast.com,https://logo.clearbit.com/corporate.comcast.com
CAG,Conagra Brands,www.conagrabrands.com,https://logo.clearbit.com/www.conagrabrands.com
COP,ConocoPhillips,www.conocophillips.com,https://logo.clearbit.com/www.conocophillips.com
ED,Consolidated Edison,www.conedison.com,https://logo.clearbit.com/www.conedison.com
STZ,Constellation Brands,www.cbrands.com,https://logo.clearbit.com/www.cbrands.com
CEG,Constellation Energy,www.constellationenergy.com,https://logo.clearbit.com/www.constellationenergy.com
COO,Cooper Companies (The),www.coopercos.com,https://logo.clearbit.com/www.coopercos.com
CPRT,Copart,www.copart.com,https://logo.clearbit.com/www.copart.com
GLW,Corning Inc.,www.corning.com,https://logo.clearbit.com/www.corning.com
CPAY,Corpay,www.corpay.com,https://logo.clearbit.com/www.corpay.com
CTVA,Corteva,www.corteva.com,https://logo.clearbit.com/www.corteva.com
CSGP,CoStar Group,www.costargroup.com,https://logo.clearbit.com/www.costargroup.com
COST,Costco,www.costco.com,https://logo.clearbit.com/www.costco.com
CTRA,Coterra,www.coterra.com,https://logo.clearbit.com/www.coterra.com
CRWD,CrowdStrike,www.crowdstrike.com,https://logo.clearbit.com/www.crowdstrike.com
CCI,Crown Castle,www.crowncastle.com,https://logo.clearbit.com/www.crowncastle.com
CSX,CSX Corporation,www.csx.com,https://logo.clearbit.com/www.csx.com
CMI,Cummins,www.cummins.com,https://logo.clearbit.com/www.cummins.com
CVS,CVS Health,www.cvshealth.com,https://logo.clearbit.com/www.cvshealth.com
DHR,Danaher Corporation,www.danaher.com,https://logo.clearbit.com/www.danaher.com
DRI,Darden Restaurants,www.darden.com,https://logo.clearbit.com/www.darden.com
DVA,DaVita,www.davita.com,https://logo.clearbit.com/www.davita.com
DAY,Dayforce,www.dayforce.com,https://logo.clearbit.com/www.dayforce.com
DECK,Deckers Brands,www.deckers.com,https://logo.clearbit.com/www.deckers.com
DE,Deere & Company,www.deere.com,https://logo.clearbit.com/www.deere.com
DELL,Dell Technologies,www.dell.com,https://logo.clearbit.com/www.dell.com
DAL,Delta Air Lines,www.delta.com,https://logo.clearbit.com/www.delta.com
DVN,Devon Energy,www.devonenergy.com,https://logo.clearbit.com/www.devonenergy.com
DXCM,Dexcom,www.dexcom.com,https://logo.clearbit.com/www.dexcom.com
FANG,Diamondback Energy,www.diamondbackenergy.com,https://logo.clearbit.com/www.diamondbackenergy.com
DLR,Digital Realty,www.digitalrealty.com,https://logo.clearbit.com/www.digitalrealty.com
DFS,Discover Financial,www.discover.com,https://logo.clearbit.com/www.discover.com
DG,Dollar General,www.dollargeneral.com,https://logo.clearbit.com/www.dollargeneral.com
DLTR,Dollar Tree,www.dollartree.com,https://logo.clearbit.com/www.dollartree.com
D,Dominion Energy,www.dominionenergy.com,https://logo.clearbit.com/www.dominionenergy.com
DPZ,Domino's,www.ir.dominos.com,https://logo.clearbit.com/www.ir.dominos.com
DOV,Dover Corporation,www.dovercorporation.com,https://logo.clearbit.com/www.dovercorporation.com
DOW,Dow Inc.,www.dow.com,https://logo.clearbit.com/www.dow.com
DHI,D. R. Horton,www.drhorton.com,https://logo.clearbit.com/www.drhorton.com
DTE,DTE Energy,www.dteenergy.com,https://logo.clearbit.com/www.dteenergy.com
DUK,Duke Energy,www.duke-energy.com,https://logo.clearbit.com/www.duke-energy.com
DD,DuPont,www.dupont.com,https://logo.clearbit.com/www.dupont.com
EMN,Eastman Chemical Company,www.eastman.com,https://logo.clearbit.com/www.eastman.com
ETN,Eaton Corporation,www.eaton.com,https://logo.clearbit.com/www.eaton.com
EBAY,eBay,www.ebayinc.com,https://logo.clearbit.com/www.ebayinc.com
ECL,Ecolab,www.ecolab.com,https://logo.clearbit.com/www.ecolab.com
EIX,Edison International,www.edison.com,https://logo.clearbit.com/www.edison.com
EW,Edwards Lifesciences,www.edwards.com,https://logo.clearbit.com/www.edwards.com
EA,Electronic Arts,www.ea.com,https://logo.clearbit.com/www.ea.com
ELV,Elevance Health,www.elevancehealth.com,https://logo.clearbit.com/www.elevancehealth.com
EMR,Emerson Electric,www.emerson.com,https://logo.clearbit.com/www.emerson.com
ENPH,Enphase Energy,www.enphase.com,https://logo.clearbit.com/www.enphase.com
ETR,Entergy,www.entergy.com,https://logo.clearbit.com/www.entergy.com
EOG,EOG Resources,www.eogresources.com,https://logo.clearbit.com/www.eogresources.com
EPAM,EPAM Systems,www.epam.com,https://logo.clearbit.com/www.epam.com
EQT,EQT Corporation,www.eqt.com,https://logo.clearbit.com/www.eqt.com
EFX,Equifax,www.equifax.com,https://logo.clearbit.com/www.equifax.com
EQIX,Equinix,www.equinix.com,https://logo.clearbit.com/www.equinix.com
EQR,Equity Residential,www.equityapartments.com,https://logo.clearbit.com/www.equityapartments.com
ERIE,Erie Indemnity,www.erieinsurance.com,https://logo.clearbit.com/www.erieinsurance.com
ESS,Essex Property Trust,www.essexapartmenthomes.com,https://logo.clearbit.com/www.essexapartmenthomes.com
EL,Estée Lauder Companies (The),www.elcompanies.com,https://logo.clearbit.com/www.elcompanies.com
EG,Everest Group,www.everestglobal.com,https://logo.clearbit.com/www.everestglobal.com
EVRG,Evergy,investors.evergy.com,https://logo.clearbit.com/investors.evergy.com
ES,Eversource Energy,www.eversource.com,https://logo.clearbit.com/www.eversource.com
EXC,Exelon,www.exeloncorp.com,https://logo.clearbit.com/www.exeloncorp.com
EXPE,Expedia Group,www.expediagroup.com,https://logo.clearbit.com/www.expediagroup.com
EXPD,Expeditors International,www.expeditors.com,https://logo.clearbit.com/www.expeditors.com
EXR,Extra Space Storage,www.extraspace.com,https://logo.clearbit.com/www.extraspace.com
XOM,ExxonMobil,corporate.exxonmobil.com,https://logo.clearbit.com/corporate.exxonmobil.com
FFIV,"F5, Inc.",www.f5.com,https://logo.clearbit.com/www.f5.com
FDS,FactSet,www.factset.com,https://logo.clearbit.com/www.factset.com
FICO,Fair Isaac,www.fico.com,https://logo.clearbit.com/www.fico.com
FAST,Fastenal,www.fastenal.com,https://logo.clearbit.com/www.fastenal.com
FRT,Federal Realty Investment Trust,www.federalrealty.com,https://logo.clearbit.com/www.federalrealty.com
FDX,FedEx,www.fedex.com,https://logo.clearbit.com/www.fedex.com
FIS,Fidelity National Information Services,www.fisglobal.com,https://logo.clearbit.com/www.fisglobal.com
FITB,Fifth Third Bancorp,www.53.com,https://logo.clearbit.com/www.53.com
FSLR,First Solar,www.firstsolar.com,https://logo.clearbit.com/www.firstsolar.com
FE,FirstEnergy,www.firstenergycorp.com,https://logo.clearbit.com/www.firstenergycorp.com
FI,Fiserv,www.fiserv.com,https://logo.clearbit.com/www.fiserv.com
FMC,FMC Corporation,www.fmc.com,https://logo.clearbit.com/www.fmc.com
F,Ford Motor Company,www.ford.com,https://logo.clearbit.com/www.ford.com
FTNT,Fortinet,www.fortinet.com,https://logo.clearbit.com/www.fortinet.com
FTV,Fortive,www.fortive.com,https://logo.clearbit.com/www.fortive.com
FOXA,Fox Corporation (Class A),www.foxcorporation.com,https://logo.clearbit.com/www.foxcorporation.com
FOX,Fox Corporation (Class B),www.foxcorporation.com,https://logo.clearbit.com/www.foxcorporation.com
BEN,Franklin Resources,www.franklinresources.com,https://logo.clearbit.com/www.franklinresources.com
FCX,Freeport-McMoRan,fcx.com,https://logo.clearbit.com/fcx.com
GRMN,Garmin,www.garmin-india.com,https://logo.clearbit.com/www.garmin-india.com
IT,Gartner,www.gartner.com,https://logo.clearbit.com/www.gartner.com
GE,GE Aerospace,www.geaerospace.com,https://logo.clearbit.com/www.geaerospace.com
GEHC,GE HealthCare,www.gehealthcare.com,https://logo.clearbit.com/www.gehealthcare.com
GEV,GE Vernova,www.gevernova.com,https://logo.clearbit.com/www.gevernova.com
GEN,Gen Digital,www.gendigital.com,https://logo.clearbit.com/www.gendigital.com
GNRC,Generac,www.generac.com,https://logo.clearbit.com/www.generac.com
GD,General Dynamics,www.gd.com,https://logo.clearbit.com/www.gd.com
GIS,General Mills,www.generalmills.com,https://logo.clearbit.com/www.generalmills.com
GM,General Motors,www.gm.com,https://logo.clearbit.com/www.gm.com
GPC,Genuine Parts Company,www.genpt.com,https://logo.clearbit.com/www.genpt.com
GILD,Gilead Sciences,www.gilead.com,https://logo.clearbit.com/www.gilead.com
GPN,Global Payments,www.globalpayments.com,https://logo.clearbit.com/www.globalpayments.com
GL,Globe Life,www.home.globelifeinsurance.com,https://logo.clearbit.com/www.home.globelifeinsurance.com
GDDY,GoDaddy,www.godaddy.com,https://logo.clearbit.com/www.godaddy.com
GS,Goldman Sachs,www.goldmansachs.com,https://logo.clearbit.com/www.goldmansachs.com
HAL,Halliburton,www.halliburton.com,https://logo.clearbit.com/www.halliburton.com
HIG,Hartford (The),www.thehartford.com,https://logo.clearbit.com/www.thehartford.com
HAS,Hasbro,shop.hasbro.com,https://logo.clearbit.com/shop.hasbro.com
HCA,HCA Healthcare,hcahealthcare.com,https://logo.clearbit.com/hcahealthcare.com
DOC,Healthpeak Properties,www.healthpeak.com,https://logo.clearbit.com/www.healthpeak.com
HSIC,Henry Schein,www.henryschein.com,https://logo.clearbit.com/www.henryschein.com
HSY,Hershey Company (The),www.thehersheycompany.com,https://logo.clearbit.com/www.thehersheycompany.com
HES,Hess Corporation,www.hess.com,https://logo.clearbit.com/www.hess.com
HPE,Hewlett Packard Enterprise,www.hpe.com,https://logo.clearbit.com/www.hpe.com
HLT,Hilton Worldwide,www.hilton.com,https://logo.clearbit.com/www.hilton.com
HOLX,Hologic,www.hologic.com,https://logo.clearbit.com/www.hologic.com
HD,Home Depot (The),www.homedepot.com,https://logo.clearbit.com/www.homedepot.com
HON,Honeywell,www.honeywell.com,https://logo.clearbit.com/www.honeywell.com
HRL,Hormel Foods,www.hormelfoods.com,https://logo.clearbit.com/www.hormelfoods.com
HST,Host Hotels & Resorts,www.hosthotels.com,https://logo.clearbit.com/www.hosthotels.com
HWM,Howmet Aerospace,www.howmet.com,https://logo.clearbit.com/www.howmet.com
HPQ,HP Inc.,www.hp.com,https://logo.clearbit.com/www.hp.com
HUBB,Hubbell Incorporated,www.hubbell.com,https://logo.clearbit.com/www.hubbell.com
HUM,Humana,www.humana.com,https://logo.clearbit.com/www.humana.com
HBAN,Huntington Bancshares,www.huntington.com,https://logo.clearbit.com/www.huntington.com
HII,Huntington Ingalls Industries,www.hii.com,https://logo.clearbit.com/www.hii.com
IBM,IBM,www.ibm.com,https://logo.clearbit.com/www.ibm.com
IEX,IDEX Corporation,www.idexcorp.com,https://logo.clearbit.com/www.idexcorp.com
IDXX,Idexx Laboratories,www.idexx.com,https://logo.clearbit.com/www.idexx.com
ITW,Illinois Tool Works,www.itw.com,https://logo.clearbit.com/www.itw.com
INCY,Incyte,www.incyte.com,https://logo.clearbit.com/www.incyte.com
IR,Ingersoll Rand,www.irco.com,https://logo.clearbit.com/www.irco.com
PODD,Insulet Corporation,www.insulet.com,https://logo.clearbit.com/www.insulet.com
INTC,Intel,www.intel.com,https://logo.clearbit.com/www.intel.com
ICE,Intercontinental Exchange,www.ice.com,https://logo.clearbit.com/www.ice.com
IFF,International Flavors & Fragrances,www.iff.com,https://logo.clearbit.com/www.iff.com
IP,International Paper,www.internationalpaper.com,https://logo.clearbit.com/www.internationalpaper.com
IPG,Interpublic Group of Companies (The),www.interpublic.com,https://logo.clearbit.com/www.interpublic.com
INTU,Intuit,www.intuit.com,https://logo.clearbit.com/www.intuit.com
ISRG,Intuitive Surgical,www.intuitive.com,https://logo.clearbit.com/www.intuitive.com
IVZ,Invesco,www.invesco.com,https://logo.clearbit.com/www.invesco.com
INVH,Invitation Homes,www.invitationhomes.com,https://logo.clearbit.com/www.invitationhomes.com
IQV,IQVIA,www.iqvia.com,https://logo.clearbit.com/www.iqvia.com
IRM,Iron Mountain,www.ironmountain.com,https://logo.clearbit.com/www.ironmountain.com
JBHT,J.B. Hunt,www.jbhunt.com,https://logo.clearbit.com/www.jbhunt.com
JBL,Jabil,www.jabil.com,https://logo.clearbit.com/www.jabil.com
JKHY,Jack Henry & Associates,www.jackhenry.com,https://logo.clearbit.com/www.jackhenry.com
J,Jacobs Solutions,www.jacobs.com,https://logo.clearbit.com/www.jacobs.com
JNJ,Johnson & Johnson,www.jnj.com,https://logo.clearbit.com/www.jnj.com
JCI,Johnson Controls,www.johnsoncontrols.com,https://logo.clearbit.com/www.johnsoncontrols.com
JPM,JPMorgan Chase,www.jpmorganchase.com,https://logo.clearbit.com/www.jpmorganchase.com
JNPR,Juniper Networks,www.juniper.net,https://logo.clearbit.com/www.juniper.net
K,Kellanova,www.kellanova.com,https://logo.clearbit.com/www.kellanova.com
KVUE,Kenvue,www.kenvue.com,https://logo.clearbit.com/www.kenvue.com
KDP,Keurig Dr Pepper,www.keurigdrpepper.com,https://logo.clearbit.com/www.keurigdrpepper.com
KEY,KeyCorp,www.key.com,https://logo.clearbit.com/www.key.com
KEYS,Keysight Technologies,www.keysight.com,https://logo.clearbit.com/www.keysight.com
KMB,Kimberly-Clark,www.kimberly-clark.com,https://logo.clearbit.com/www.kimberly-clark.com
KIM,Kimco Realty,www.kimcorealty.com,https://logo.clearbit.com/www.kimcorealty.com
KMI,Kinder Morgan,www.kindermorgan.com,https://logo.clearbit.com/www.kindermorgan.com
KKR,KKR,www.kkr.com,https://logo.clearbit.com/www.kkr.com
KLAC,KLA Corporation,www.kla.com,https://logo.clearbit.com/www.kla.com
KHC,Kraft Heinz,www.kraftheinzcompany.com,https://logo.clearbit.com/www.kraftheinzcompany.com
KR,Kroger,www.thekrogerco.com,https://logo.clearbit.com/www.thekrogerco.com
LHX,L3Harris,www.l3harris.com,https://logo.clearbit.com/www.l3harris.com
LH,LabCorp,www.labcorp.com,https://logo.clearbit.com/www.labcorp.com
LRCX,Lam Research,www.lamresearch.com,https://logo.clearbit.com/www.lamresearch.com
LW,Lamb Weston,www.lambweston.com,https://logo.clearbit.com/www.lambweston.com
LVS,Las Vegas Sands,www.sands.com,https://logo.clearbit.com/www.sands.com
LDOS,Leidos,www.leidos.com,https://logo.clearbit.com/www.leidos.com
LEN,Lennar,www.lennar.com,https://logo.clearbit.com/www.lennar.com
LII,Lennox International,www.lennox.com,https://logo.clearbit.com/www.lennox.com
LLY,Lilly (Eli),www.lilly.com,https://logo.clearbit.com/www.lilly.com
LIN,Linde plc,www.linde.com,https://logo.clearbit.com/www.linde.com
LYV,Live Nation Entertainment,www.livenationentertainment.com,https://logo.clearbit.com/www.livenationentertainment.com
LKQ,LKQ Corporation,www.lkqcorp.com,https://logo.clearbit.com/www.lkqcorp.com
LMT,Lockheed Martin,www.lockheedmartin.com,https://logo.clearbit.com/www.lockheedmartin.com
L,Loews Corporation,www.loews.com,https://logo.clearbit.com/www.loews.com
LOW,Lowe's,www.lowes.com,https://logo.clearbit.com/www.lowes.com
LULU,Lululemon Athletica,corporate.lululemon.com,https://logo.clearbit.com/corporate.lululemon.com
LYB,LyondellBasell,www.lyondellbasell.com,https://logo.clearbit.com/www.lyondellbasell.com
MTB,M&T Bank,www.mtb.com,https://logo.clearbit.com/www.mtb.com
MPC,Marathon Petroleum,www.marathonpetroleum.com,https://logo.clearbit.com/www.marathonpetroleum.com
MKTX,MarketAxess,www.marketaxess.com,https://logo.clearbit.com/www.marketaxess.com
MAR,Marriott International,www.marriott.com,https://logo.clearbit.com/www.marriott.com
MMC,Marsh McLennan,www.marshmclennan.com,https://logo.clearbit.com/www.marshmclennan.com
MLM,Martin Marietta Materials,www.martinmarietta.com,https://logo.clearbit.com/www.martinmarietta.com
MAS,Masco,www.masco.com,https://logo.clearbit.com/www.masco.com
MA,Mastercard,www.mastercard.com,https://logo.clearbit.com/www.mastercard.com
MTCH,Match Group,www.mtch.com,https://logo.clearbit.com/www.mtch.com
MKC,McCormick & Company,www.mccormickcorporation.com,https://logo.clearbit.com/www.mccormickcorporation.com
MCD,McDonald's,www.mcdonalds.com,https://logo.clearbit.com/www.mcdonalds.com
MCK,McKesson Corporation,www.mckesson.com,https://logo.clearbit.com/www.mckesson.com
MDT,Medtronic,www.medtronic.com,https://logo.clearbit.com/www.medtronic.com
MRK,Merck & Co.,www.merck.com,https://logo.clearbit.com/www.merck.com
META,Meta Platforms,investor.fb.com,https://logo.clearbit.com/investor.fb.com
MET,MetLife,www.metlife.com,https://logo.clearbit.com/www.metlife.com
MTD,Mettler Toledo,www.mt.com,https://logo.clearbit.com/www.mt.com
MGM,MGM Resorts,www.mgmresorts.com,https://logo.clearbit.com/www.mgmresorts.com
MCHP,Microchip Technology,www.microchip.com,https://logo.clearbit.com/www.microchip.com
MU,Micron Technology,www.micron.com,https://logo.clearbit.com/www.micron.com
MSFT,Microsoft,www.microsoft.com,https://logo.clearbit.com/www.microsoft.com
MAA,Mid-America Apartment Communities,www.maac.com,https://logo.clearbit.com/www.maac.com
MRNA,Moderna,www.modernatx.com,https://logo.clearbit.com/www.modernatx.com
MHK,Mohawk Industries,www.mohawkind.com,https://logo.clearbit.com/www.mohawkind.com
MOH,Molina Healthcare,www.molinahealthcare.com,https://logo.clearbit.com/www.molinahealthcare.com
TAP,Molson Coors Beverage Company,www.molsoncoors.com,https://logo.clearbit.com/www.molsoncoors.com
MDLZ,Mondelez International,www.mondelezinternational.com,https://logo.clearbit.com/www.mondelezinternational.com
MPWR,Monolithic Power Systems,www.monolithicpower.com,https://logo.clearbit.com/www.monolithicpower.com
MNST,Monster Beverage,www.monsterbevcorp.com,https://logo.clearbit.com/www.monsterbevcorp.com
MCO,Moody's Corporation,www.moodys.com,https://logo.clearbit.com/www.moodys.com
MS,Morgan Stanley,www.morganstanley.com,https://logo.clearbit.com/www.morganstanley.com
MOS,Mosaic Company (The),www.mosaicco.com,https://logo.clearbit.com/www.mosaicco.com
MSI,Motorola Solutions,www.motorolasolutions.com,https://logo.clearbit.com/www.motorolasolutions.com
MSCI,MSCI,www.msci.com,https://logo.clearbit.com/www.msci.com
NDAQ,"Nasdaq, Inc.",www.nasdaq.com,https://logo.clearbit.com/www.nasdaq.com
NTAP,NetApp,www.netapp.com,https://logo.clearbit.com/www.netapp.com
NFLX,Netflix,www.netflix.com,https://logo.clearbit.com/www.netflix.com
NEM,Newmont,www.newmont.com,https://logo.clearbit.com/www.newmont.com
NWSA,News Corp (Class A),www.newscorp.com,https://logo.clearbit.com/www.newscorp.com
NWS,News Corp (Class B),www.newscorp.com,https://logo.clearbit.com/www.newscorp.com
NEE,NextEra Energy,www.nexteraenergy.com,https://logo.clearbit.com/www.nexteraenergy.com
NKE,"Nike, Inc.",www.nike.com,https://logo.clearbit.com/www.nike.com
NI,NiSource,www.nisource.com,https://logo.clearbit.com/www.nisource.com
NDSN,Nordson Corporation,www.nordson.com,https://logo.clearbit.com/www.nordson.com
NSC,Norfolk Southern Railway,www.norfolksouthern.com,https://logo.clearbit.com/www.norfolksouthern.com
NTRS,Northern Trust,www.northerntrust.com,https://logo.clearbit.com/www.northerntrust.com
NOC,Northrop Grumman,www.northropgrumman.com,https://logo.clearbit.com/www.northropgrumman.com
NCLH,Norwegian Cruise Line Holdings,www.nclhltd.com,https://logo.clearbit.com/www.nclhltd.com
NRG,NRG Energy,www.nrg.com,https://logo.clearbit.com/www.nrg.com
NUE,Nucor,www.nucor.com,https://logo.clearbit.com/www.nucor.com
NVDA,Nvidia,www.nvidia.com,https://logo.clearbit.com/www.nvidia.com
NVR,"NVR, Inc.",www.nvrinc.com,https://logo.clearbit.com/www.nvrinc.com
NXPI,NXP Semiconductors,www.nxp.com,https://logo.clearbit.com/www.nxp.com
ORLY,O'Reilly Auto Parts,www.oreillyauto.com,https://logo.clearbit.com/www.oreillyauto.com
OXY,Occidental Petroleum,www.oxy.com,https://logo.clearbit.com/www.oxy.com
ODFL,Old Dominion,www.odfl.com,https://logo.clearbit.com/www.odfl.com
OMC,Omnicom Group,www.omnicomgroup.com,https://logo.clearbit.com/www.omnicomgroup.com
ON,ON Semiconductor,www.onsemi.com,https://logo.clearbit.com/www.onsemi.com
OKE,ONEOK,www.oneok.com,https://logo.clearbit.com/www.oneok.com
ORCL,Oracle Corporation,www.oracle.com,https://logo.clearbit.com/www.oracle.com
OTIS,Otis Worldwide,www.otis.com,https://logo.clearbit.com/www.otis.com
PCAR,Paccar,www.paccar.com,https://logo.clearbit.com/www.paccar.com
PKG,Packaging Corporation of America,www.packagingcorp.com,https://logo.clearbit.com/www.packagingcorp.com
PLTR,Palantir Technologies,www.palantir.com,https://logo.clearbit.com/www.palantir.com
PANW,Palo Alto Networks,www.paloaltonetworks.com,https://logo.clearbit.com/www.paloaltonetworks.com
PARA,Paramount Global,www.paramount.com,https://logo.clearbit.com/www.paramount.com
PH,Parker Hannifin,investors.parker.com,https://logo.clearbit.com/investors.parker.com
PAYX,Paychex,www.paychex.com,https://logo.clearbit.com/www.paychex.com
PAYC,Paycom,www.paycom.com,https://logo.clearbit.com/www.paycom.com
PYPL,PayPal,www.paypal.com,https://logo.clearbit.com/www.paypal.com
PNR,Pentair,www.pentair.com,https://logo.clearbit.com/www.pentair.com
PEP,PepsiCo,www.pepsico.com,https://logo.clearbit.com/www.pepsico.com
PFE,Pfizer,www.pfizer.com,https://logo.clearbit.com/www.pfizer.com
PCG,PG&E Corporation,www.pgecorp.com,https://logo.clearbit.com/www.pgecorp.com
PM,Philip Morris International,www.pmi.com,https://logo.clearbit.com/www.pmi.com
PSX,Phillips 66,www.phillips66.com,https://logo.clearbit.com/www.phillips66.com
PNW,Pinnacle West,www.pinnaclewest.com,https://logo.clearbit.com/www.pinnaclewest.com
PNC,PNC Financial Services,www.pnc.com,https://logo.clearbit.com/www.pnc.com
POOL,Pool Corporation,www.poolcorp.com,https://logo.clearbit.com/www.poolcorp.com
PPG,PPG Industries,www.ppg.com,https://logo.clearbit.com/www.ppg.com
PPL,PPL Corporation,www.pplweb.com,https://logo.clearbit.com/www.pplweb.com
PFG,Principal Financial Group,www.principal.com,https://logo.clearbit.com/www.principal.com
PG,Procter & Gamble,www.pginvestor.com,https://logo.clearbit.com/www.pginvestor.com
PGR,Progressive Corporation,www.progressive.com,https://logo.clearbit.com/www.progressive.com
PLD,Prologis,www.prologis.com,https://logo.clearbit.com/www.prologis.com
PRU,Prudential Financial,www.prudential.com,https://logo.clearbit.com/www.prudential.com
PEG,Public Service Enterprise Group,investor.pseg.com,https://logo.clearbit.com/investor.pseg.com
PTC,PTC Inc.,www.ptc.com,https://logo.clearbit.com/www.ptc.com
PSA,Public Storage,www.publicstorage.com,https://logo.clearbit.com/www.publicstorage.com
PHM,PulteGroup,www.pultegroup.com,https://logo.clearbit.com/www.pultegroup.com
PWR,Quanta Services,www.quantaservices.com,https://logo.clearbit.com/www.quantaservices.com
QCOM,Qualcomm,www.qualcomm.com,https://logo.clearbit.com/www.qualcomm.com
DGX,Quest Diagnostics,www.questdiagnostics.com,https://logo.clearbit.com/www.questdiagnostics.com
RL,Ralph Lauren Corporation,www.ralphlauren.com,https://logo.clearbit.com/www.ralphlauren.com
RJF,Raymond James Financial,www.raymondjames.com,https://logo.clearbit.com/www.raymondjames.com
RTX,RTX Corporation,www.rtx.com,https://logo.clearbit.com/www.rtx.com
O,Realty Income,www.realtyincome.com,https://logo.clearbit.com/www.realtyincome.com
REG,Regency Centers,www.regencycenters.com,https://logo.clearbit.com/www.regencycenters.com
REGN,Regeneron Pharmaceuticals,www.regeneron.com,https://logo.clearbit.com/www.regeneron.com
RF,Regions Financial Corporation,www.regions.com,https://logo.clearbit.com/www.regions.com
RSG,Republic Services,www.republicservices.com,https://logo.clearbit.com/www.republicservices.com
RMD,ResMed,www.resmed.com,https://logo.clearbit.com/www.resmed.com
RVTY,Revvity,www.revvity.com,https://logo.clearbit.com/www.revvity.com
ROK,Rockwell Automation,www.rockwellautomation.com,https://logo.clearbit.com/www.rockwellautomation.com
ROL,"Rollins, Inc.",www.rollins.com,https://logo.clearbit.com/www.rollins.com
ROP,Roper Technologies,www.ropertech.com,https://logo.clearbit.com/www.ropertech.com
ROST,Ross Stores,www.rossstores.com,https://logo.clearbit.com/www.rossstores.com
RCL,Royal Caribbean Group,www.rclinvestor.com,https://logo.clearbit.com/www.rclinvestor.com
SPGI,S&P Global,www.spglobal.com,https://logo.clearbit.com/www.spglobal.com
CRM,Salesforce,www.salesforce.com,https://logo.clearbit.com/www.salesforce.com
SBAC,SBA Communications,www.sbasite.com,https://logo.clearbit.com/www.sbasite.com
SLB,Schlumberger,www.slb.com,https://logo.clearbit.com/www.slb.com
STX,Seagate Technology,www.seagate.com,https://logo.clearbit.com/www.seagate.com
SRE,Sempra,www.sempra.com,https://logo.clearbit.com/www.sempra.com
NOW,ServiceNow,www.servicenow.com,https://logo.clearbit.com/www.servicenow.com
SHW,Sherwin-Williams,www.sherwin-williams.com,https://logo.clearbit.com/www.sherwin-williams.com
SPG,Simon Property Group,www.simon.com,https://logo.clearbit.com/www.simon.com
SWKS,Skyworks Solutions,www.skyworksinc.com,https://logo.clearbit.com/www.skyworksinc.com
SJM,J.M. Smucker Company (The),www.jmsmucker.com,https://logo.clearbit.com/www.jmsmucker.com
SW,Smurfit WestRock,www.smurfitwestrock.com,https://logo.clearbit.com/www.smurfitwestrock.com
SNA,Snap-on,www.snapon.com,https://logo.clearbit.com/www.snapon.com
SOLV,Solventum,www.solventum.com,https://logo.clearbit.com/www.solventum.com
SO,Southern Company,www.southerncompany.com,https://logo.clearbit.com/www.southerncompany.com
LUV,Southwest Airlines,www.southwest.com,https://logo.clearbit.com/www.southwest.com
SWK,Stanley Black & Decker,www.stanleyblackanddecker.com,https://logo.clearbit.com/www.stanleyblackanddecker.com
SBUX,Starbucks,www.starbucks.com,https://logo.clearbit.com/www.starbucks.com
STT,State Street Corporation,www.statestreet.com,https://logo.clearbit.com/www.statestreet.com
STLD,Steel Dynamics,www.steeldynamics.com,https://logo.clearbit.com/www.steeldynamics.com
STE,Steris,www.steris.com,https://logo.clearbit.com/www.steris.com
SYK,Stryker Corporation,www.stryker.com,https://logo.clearbit.com/www.stryker.com
SMCI,Supermicro,www.supermicro.com,https://logo.clearbit.com/www.supermicro.com
SYF,Synchrony Financial,www.synchrony.com,https://logo.clearbit.com/www.synchrony.com
SNPS,Synopsys,www.synopsys.com,https://logo.clearbit.com/www.synopsys.com
SYY,Sysco,www.sysco.com,https://logo.clearbit.com/www.sysco.com
TMUS,T-Mobile US,www.t-mobile.com,https://logo.clearbit.com/www.t-mobile.com
TROW,T. Rowe Price,www.troweprice.com,https://logo.clearbit.com/www.troweprice.com
TTWO,Take-Two Interactive,www.take2games.com,https://logo.clearbit.com/www.take2games.com
TPR,"Tapestry, Inc.",www.tapestry.com,https://logo.clearbit.com/www.tapestry.com
TRGP,Targa Resources,www.targaresources.com,https://logo.clearbit.com/www.targaresources.com
TGT,Target Corporation,corporate.target.com,https://logo.clearbit.com/corporate.target.com
TEL,TE Connectivity,www.te.com,https://logo.clearbit.com/www.te.com
TDY,Teledyne Technologies,www.teledyne.com,https://logo.clearbit.com/www.teledyne.com
TFX,Teleflex,www.teleflex.com,https://logo.clearbit.com/www.teleflex.com
TER,Teradyne,www.teradyne.com,https://logo.clearbit.com/www.teradyne.com
TSLA,"Tesla, Inc.",www.tesla.com,https://logo.clearbit.com/www.tesla.com
TXN,Texas Instruments,www.ti.com,https://logo.clearbit.com/www.ti.com
TPL,Texas Pacific Land Corporation,www.texaspacific.com,https://logo.clearbit.com/www.texaspacific.com
TXT,Textron,www.textron.com,https://logo.clearbit.com/www.textron.com
TMO,Thermo Fisher Scientific,www.thermofisher.com,https://logo.clearbit.com/www.thermofisher.com
TJX,TJX Companies,www.tjx.com,https://logo.clearbit.com/www.tjx.com
TSCO,Tractor Supply,www.tractorsupply.com,https://logo.clearbit.com/www.tractorsupply.com
TT,Trane Technologies,www.tranetechnologies.com,https://logo.clearbit.com/www.tranetechnologies.com
TDG,TransDigm Group,www.transdigm.com,https://logo.clearbit.com/www.transdigm.com
TRV,Travelers Companies (The),www.travelers.com,https://logo.clearbit.com/www.travelers.com
TRMB,Trimble Inc.,www.trimble.com,https://logo.clearbit.com/www.trimble.com
TFC,Truist Financial,www.truist.com,https://logo.clearbit.com/www.truist.com
TYL,Tyler Technologies,www.tylertech.com,https://logo.clearbit.com/www.tylertech.com
TSN,Tyson Foods,www.tysonfoods.com,https://logo.clearbit.com/www.tysonfoods.com
USB,U.S. Bancorp,www.usbank.com,https://logo.clearbit.com/www.usbank.com
UBER,Uber,www.uber.com,https://logo.clearbit.com/www.uber.com
UDR,"UDR, Inc.",www.udr.com,https://logo.clearbit.com/www.udr.com
ULTA,Ulta Beauty,www.ulta.com,https://logo.clearbit.com/www.ulta.com
UNP,Union Pacific Corporation,www.up.com,https://logo.clearbit.com/www.up.com
UAL,United Airlines Holdings,www.united.com,https://logo.clearbit.com/www.united.com
UPS,United Parcel Service,www.ups.com,https://logo.clearbit.com/www.ups.com
URI,United Rentals,www.unitedrentals.com,https://logo.clearbit.com/www.unitedrentals.com
UNH,UnitedHealth Group,www.unitedhealthgroup.com,https://logo.clearbit.com/www.unitedhealthgroup.com
UHS,Universal Health Services,www.uhs.com,https://logo.clearbit.com/www.uhs.com
VLO,Valero Energy,www.valero.com,https://logo.clearbit.com/www.valero.com
VTR,Ventas,www.ventasreit.com,https://logo.clearbit.com/www.ventasreit.com
VLTO,Veralto,www.veralto.com,https://logo.clearbit.com/www.veralto.com
VRSN,Verisign,www.verisign.com,https://logo.clearbit.com/www.verisign.com
VRSK,Verisk Analytics,www.verisk.com,https://logo.clearbit.com/www.verisk.com
VZ,Verizon,www.verizon.com,https://logo.clearbit.com/www.verizon.com
VRTX,Vertex Pharmaceuticals,www.vrtx.com,https://logo.clearbit.com/www.vrtx.com
VTRS,Viatris,www.viatris.com,https://logo.clearbit.com/www.viatris.com
VICI,Vici Properties,www.viciproperties.com,https://logo.clearbit.com/www.viciproperties.com
V,Visa Inc.,www.visa.com,https://logo.clearbit.com/www.visa.com
VST,Vistra Corp.,vistracorp.com,https://logo.clearbit.com/vistracorp.com
VMC,Vulcan Materials Company,www.vulcanmaterials.com,https://logo.clearbit.com/www.vulcanmaterials.com
WRB,W. R. Berkley Corporation,www.berkley.com,https://logo.clearbit.com/www.berkley.com
GWW,W. W. Grainger,www.grainger.com,https://logo.clearbit.com/www.grainger.com
WAB,Wabtec,www.wabteccorp.com,https://logo.clearbit.com/www.wabteccorp.com
WBA,Walgreens Boots Alliance,www.walgreensbootsalliance.com,https://logo.clearbit.com/www.walgreensbootsalliance.com
WMT,Walmart,corporate.walmart.com,https://logo.clearbit.com/corporate.walmart.com
DIS,Walt Disney Company (The),thewaltdisneycompany.com,https://logo.clearbit.com/thewaltdisneycompany.com
WBD,Warner Bros. Discovery,ir.wbd.com,https://logo.clearbit.com/ir.wbd.com
WM,Waste Management,www.wm.com,https://logo.clearbit.com/www.wm.com
WAT,Waters Corporation,www.waters.com,https://logo.clearbit.com/www.waters.com
WEC,WEC Energy Group,www.wecenergygroup.com,https://logo.clearbit.com/www.wecenergygroup.com
WFC,Wells Fargo,www.wellsfargo.com,https://logo.clearbit.com/www.wellsfargo.com
WELL,Welltower,www.welltower.com,https://logo.clearbit.com/www.welltower.com
WST,West Pharmaceutical Services,www.westpharma.com,https://logo.clearbit.com/www.westpharma.com
WDC,Western Digital,www.westerndigital.com,https://logo.clearbit.com/www.westerndigital.com
WY,Weyerhaeuser,www.weyerhaeuser.com,https://logo.clearbit.com/www.weyerhaeuser.com
WMB,Williams Companies,www.williams.com,https://logo.clearbit.com/www.williams.com
WTW,Willis Towers Watson,www.wtwco.com,https://logo.clearbit.com/www.wtwco.com
WDAY,"Workday, Inc.",www.workday.com,https://logo.clearbit.com/www.workday.com
WYNN,Wynn Resorts,www.wynnresorts.com,https://logo.clearbit.com/www.wynnresorts.com
XEL,Xcel Energy,mn.my.xcelenergy.com,https://logo.clearbit.com/mn.my.xcelenergy.com
XYL,Xylem Inc.,www.xylem.com,https://logo.clearbit.com/www.xylem.com
YUM,Yum! Brands,www.yum.com,https://logo.clearbit.com/www.yum.com
ZBRA,Zebra Technologies,www.zebra.com,https://logo.clearbit.com/www.zebra.com
ZBH,Zimmer Biomet,www.zimmerbiomet.com,https://logo.clearbit.com/www.zimmerbiomet.com
ZTS,Zoetis,www.zoetis.com,https://logo.clearbit.com/www.zoetis.com
